{"cameraMode":{"drawMode":0,"name":"Shaded","section":"Shading Mode"},"sceneLighting":true,"audioPlay":false,"sceneViewState":{"m_AlwaysRefresh":false,"showFog":true,"showSkybox":true,"showFlares":true,"showImageEffects":true,"showParticleSystems":true,"showVisualEffectGraphs":true,"m_FxEnabled":true},"in2DMode":false,"pivot":{"x":-3.0350677967071535,"y":8.330710411071778,"z":-0.40132656693458559},"rotation":{"x":-0.03291058540344238,"y":0.06950244307518006,"z":-0.0023481084499508144,"w":-0.9970806837081909},"size":3.350264310836792,"orthographic":false}