{"cameraMode":{"drawMode":0,"name":"Shaded","section":"Shading Mode"},"sceneLighting":true,"audioPlay":false,"sceneViewState":{"m_AlwaysRefresh":false,"showFog":true,"showSkybox":true,"showFlares":true,"showImageEffects":true,"showParticleSystems":true,"showVisualEffectGraphs":true,"m_FxEnabled":true},"in2DMode":false,"pivot":{"x":-2.6063485145568849,"y":7.617875099182129,"z":-14.002481460571289},"rotation":{"x":0.07193752378225327,"y":-0.002992300782352686,"z":0.00021583658235613257,"w":0.9974057674407959},"size":5.966026306152344,"orthographic":false}